<?xml version="1.0" encoding="utf-8"?>
<extension type="component" version="3.1" method="upgrade">
	<name>com_menus</name>
	<author>Joomla! Project</author>
	<creationDate>April 2006</creationDate>
	<copyright>(C) 2005 - 2015 Open Source Matters. All rights reserved.</copyright>
	<license>GNU General Public License version 2 or later; see LICENSE.txt</license>
	<authorEmail>admin@joomla.org</authorEmail>
	<authorUrl>www.joomla.org</authorUrl>
	<version>3.0.0</version>
	<description>COM_MENUS_XML_DESCRIPTION</description>
	<administration>
		<files folder="admin">
			<filename>config.xml</filename>
			<filename>controller.php</filename>
			<filename>menus.php</filename>
			<folder>controllers</folder>
			<folder>helpers</folder>
			<folder>models</folder>
			<folder>views</folder>
		</files>
		<languages folder="admin">
			<language tag="en-GB">language/en-GB.com_menus.ini</language>
			<language tag="en-GB">language/en-GB.com_menus.sys.ini</language>
		</languages>
	</administration>
</extension>
